Internship Title,Company Name,Location,Internship Link,Description
HR Intern,GVR BUSINESS TRANSFORMS,India,https://in.linkedin.com/jobs/view/business-analyst-at-kpmg-india-4005559078?position=2&pageNum=0&refId=%2Fl4szm%2FpjFAed6F59JX9ig%3D%3D&trackingId=3MIuMYEmbmAvcbGOeMU92g%3D%3D&trk=public_jobs_jserp-result_search-card,"Position Overview

We are seeking an enthusiastic HR Intern to support our HR and recruitment functions over a 2-month period. This unpaid internship offers a performance-based bonus and provides a valuable opportunity to gain experience in client acquisition, candidate hiring, and interview processes. The ideal candidate should be eager to learn, detail-oriented, and capable of handling multiple tasks effectively.




Skills: interview,recruitment,client acquisition,human resources,communication,administrative
Show more"
Software Engineering: Internship Opportunity,Microsoft,"Goa, India",https://in.linkedin.com/jobs/view/software-engineering-internship-opportunity-at-microsoft-4008856444?position=2&pageNum=0&refId=%2Ff%2BssC2ZR%2FJioc5xEPWycw%3D%3D&trackingId=a%2B2XxSgZ7X6vQC%2FHY1mBKg%3D%3D&trk=public_jobs_jserp-result_search-card,"Come build community, explore your passions and do your best work at Microsoft with thousands of University interns from every corner of the world. This opportunity will allow you to bring your aspirations, talent, potentialâ€”and excitement for the journey ahead.

Software engineers (SWEs) work with teammates to solve problems and build innovative software solutions. You are passionate about customers and product quality, and you provide technical guidance to Technical Program Managers and Product Managers they consider user needs and product requirements. You will also be expected to demonstrate an ability to learn and adopt relevant new technologies, tools, methods and processes to leverage in your solutions. As a SWE, you are dedicated to design, development and testing of next-generation software which will empower every person and organization on the planet to achieve more.

At Microsoft, Interns work on real-world projects in collaboration with teams across the world, while having fun along the way. Youâ€™ll be empowered to build community, explore your passions and achieve your goals. This is your chance to bring your solutions and ideas to life while working on cutting-edge technology.

Microsoftâ€™s mission is to empower every person and every organization on the planet to achieve more. As employees we come together with a growth mindset, innovate to empower others, and collaborate to realize our shared goals. Each day we build on our values of respect, integrity, and accountability to create a culture of inclusion where everyone can thrive at work and beyond.









Microsoft is an equal opportunity employer. Consistent with applicable law, all qualified applicants will receive consideration for employment without regard to age, ancestry, citizenship, color, family or medical care leave, gender identity or expression, genetic information, immigration status, marital status, medical condition, national origin, physical or mental disability, political affiliation, protected veteran or military status, race, ethnicity, religion, sex (including pregnancy), sexual orientation, or any other characteristic protected by applicable local laws, regulations and ordinances. If you need assistance and/or a reasonable accommodation due to a disability during the application process, read more about requesting accommodations.
Show more"
Marketing Intern,TMRW House of Brands,"Hyderabad, Telangana, India",https://in.linkedin.com/jobs/view/marketing-intern-at-tmrw-house-of-brands-3957622121?position=3&pageNum=0&refId=%2Ff%2BssC2ZR%2FJioc5xEPWycw%3D%3D&trackingId=k0SWr4lpCvSzHNgRJoCeiw%3D%3D&trk=public_jobs_jserp-result_search-card,"JOB â€“ DESCRIPTION FOR INTERN â€“ MARKETING AND MERCHANDISING
Name of the Organization : IMPERIAL ONLINE SERVICES PVT LTD
Designation : Intern - Marketing and Merchandising
Education : Bachelor's Degree
Experience : Minimum 1 Years
Work Location : Hyderabad


Show more"
Intern - India,Cornerstone OnDemand,"Pune, Maharashtra, India",https://in.linkedin.com/jobs/view/intern-india-at-cornerstone-ondemand-3989934255?position=4&pageNum=0&refId=%2Ff%2BssC2ZR%2FJioc5xEPWycw%3D%3D&trackingId=YRgI8EJPns9%2FS7ZwzgsKYQ%3D%3D&trk=public_jobs_jserp-result_search-card,"We're looking for a Intern - India This role is Office Based, Pune Office

Overview

The Product Support Engineer Intern will play a critical role in providing technical assistance for Cornerstoneâ€™s Support customer base. As a member of CSOD Global Customer Support, Support Engineers provide real-time technical support on Cornerstone Enterprise products through e-mail and phone interactions with customers and by using Cornerstoneâ€™s internal incident tracking system. The fundamental goal of this position is to help our customers achieve success using our products .











Spark Greatness. Shatter Boundaries. Share Success. Are you ready? Because here, right now â€“ is where the future of work is happening. Where curious disruptors and change innovators like you are helping communities and customers enable everyone â€“ anywhere â€“ to learn, grow and advance. To be better tomorrow than they are today.



Cornerstone powers the potential of organizations and their people to thrive in a changing world. Cornerstone Galaxy, the complete AI-powered workforce agility platform, meets organizations where they are. With Galaxy, organizations can identify skills gaps and development opportunities, retain and engage top talent, and provide multimodal learning experiences to meet the diverse needs of the modern workforce. More than 7,000 organizations and 100 million+ users in 180+ countries and in nearly 50 languages use Cornerstone Galaxy to build high-performing, future-ready organizations and people today.

Check us out on LinkedIn , Comparably , Glassdoor , and Facebook !

Show more"
Reserch Internship,Chanakya X,Greater Hyderabad Area,https://in.linkedin.com/jobs/view/reserch-internship-at-chanakya-x-4005712752?position=5&pageNum=0&refId=%2Ff%2BssC2ZR%2FJioc5xEPWycw%3D%3D&trackingId=ANUMGzTbzrD5AK72IcsZvQ%3D%3D&trk=public_jobs_jserp-result_search-card,"Company Description

Chanakya X is a political and business consulting firm focused on advancing the principles of self-employment, community development, and the Gram Swaraj model inspired by Mahatma Gandhi.



This is a full-time remote Research Internship role at Chanakya X. The Research Intern will be responsible for conducting Legal, political and business research, data analysis, and report writing to support the organization's initiatives. The intern will work closely with the team to gather insights, trends, and information for strategic decision-making.



Show more"
Intern - Webinar Marketing,LeadSquared,"Bengaluru East, Karnataka, India",https://in.linkedin.com/jobs/view/intern-webinar-marketing-at-leadsquared-4007823263?position=6&pageNum=0&refId=%2Ff%2BssC2ZR%2FJioc5xEPWycw%3D%3D&trackingId=4Zl19dxr2%2BH0YUWOj5JZxw%3D%3D&trk=public_jobs_jserp-result_search-card,"Job Description â€“ Webinar Marketing

Position - Intern

Location - Bangalore



LeadSquared is looking for a Webinar Marketing Intern to execute the operational tasks for the LeadSquared Webinar Program. From hosting it to managing webinar operations and reports, the candidate would be responsible for all webinar tasks, except content creation.







Show more"
Operations Intern,upGrad,"Mumbai, Maharashtra, India",https://in.linkedin.com/jobs/view/operations-intern-at-upgrad-4006226986?position=7&pageNum=0&refId=%2Ff%2BssC2ZR%2FJioc5xEPWycw%3D%3D&trackingId=EHQDX6ELjNu8OB2as2MPlw%3D%3D&trk=public_jobs_jserp-result_search-card,"Company Description
upGrad, a pioneer in the online education revolution since 2015, is dedicated to empowering career success for a global workforce of over 1.3 billion learners. With a learner base of over 3 million across 100+ countries, upGrad offers a wide range of programs from undergrad courses to executive programs and degrees, with over 300 university partners. The company is renowned for its Integrated LifeLongLearning Tech solutions and high-touch human-led delivery services.



Show more"
Interesting Job Opportunity: Python Intern - Django/Flask,Mobifly,"Delhi Cantonment, Delhi, India",https://in.linkedin.com/jobs/view/interesting-job-opportunity-python-intern-django-flask-at-mobifly-4008699268?position=8&pageNum=0&refId=%2Ff%2BssC2ZR%2FJioc5xEPWycw%3D%3D&trackingId=Jm9%2FwlQtlplpaO79WKnnSA%3D%3D&trk=public_jobs_jserp-result_search-card,"Essential Skills

Strong Knowledge with the following libraries: Pandas, Numpy
API based/ services development in python
Experience in text processing, converting unstructured text data to structured format






(ref:hirist.tech)
Show more"
Marketing Intern,Skuad,"Gurugram, Haryana, India",https://in.linkedin.com/jobs/view/marketing-intern-at-skuad-4006098706?position=9&pageNum=0&refId=%2Ff%2BssC2ZR%2FJioc5xEPWycw%3D%3D&trackingId=OM8nmhKh2SaYRMy0wk%2FGwA%3D%3D&trk=public_jobs_jserp-result_search-card,"Duration: 3 Months
Internship Type: Paid Internship

About the Role-
We are seeking a dynamic and creative Content Marketing Intern to join our marketing team. The ideal candidate is a self-starter with a genuine passion for storytelling and content creation. This role offers an exciting opportunity to gain hands--on experience in content marketing while contributing to real-world marketing projects.









Show more"
Internship - Information Technology,Procter & Gamble,Mumbai Metropolitan Region,https://in.linkedin.com/jobs/view/internship-information-technology-at-procter-gamble-4006250798?position=10&pageNum=0&refId=%2Ff%2BssC2ZR%2FJioc5xEPWycw%3D%3D&trackingId=LSuF53cE%2FPXTPaEE8IUUOA%3D%3D&trk=public_jobs_jserp-result_search-card,"Job Location

Mumbai

Job Description

Procter & Gamble is one of the largest FMCG (Fast Moving Consumer Goods) company in the world with strong brands like Pampers, Ariel, Always, Gillette and Oral B just to name a few. For more information about P&G the company and our brands please visit www.pg.com and our career website at pgcareers.com.

Information Technology uses information and business knowledge to craft innovative solutions that change the way P&G runs business.

Do you want to belong to one of the most advanced global IT and shared Services organizations in the world, transforming every single day the way business is done through technology and innovation? Do you have passion for technology and desire to learn and grow continuously? A career in IT with us will build your ownership and influencing skills, and provide

you a breadth of experiences across multiple businesses.

Your Role as an Intern in IT:



You will be supported by a coach day to day and have access to experienced IT colleagues for mentoring.



Responsibilities as of Day 1 â€“ you will feel the ownership of your project from the beginning, and will be given specific projects and responsibilities

Continuous coaching & mentoringâ€“ you will work with passionate people and receive both formal training as well as day-to-day mentoring from your manager

Dynamic and respectful work environment â€“ employees are at the core; we value every individual and encourage initiatives promoting agility and work/life balance.

Paid Learning Experience: We treat you like a real full time employee, not only in terms of the responsibility you seek, butalso by providing you with a competitive monthly stipend.



We are an equal opportunity employer and value diversity at our company. Our mission of Diversity and Inclusion is:

â€œEveryone valued. Everyone included. Everyone performing at their peakâ€.







Full time



R000110490



Internships (Job Segmentation)
Show more"
Machine Learning Intern,Internkaksha IT Solutions,India,https://in.linkedin.com/jobs/view/machine-learning-intern-at-internkaksha-it-solutions-4008692509?position=11&pageNum=0&refId=%2Ff%2BssC2ZR%2FJioc5xEPWycw%3D%3D&trackingId=ZjMGH%2BAFf2a95dhWo2xXFA%3D%3D&trk=public_jobs_jserp-result_search-card,"Job Title: Machine Learning Intern
Company: Internkaksha IT Solutions
Location: Remote
Duration: 3 months (Unpaid)
Employment Opportunity: Full-time based on performance with Certificate of Internship
Show more"
Data Science Intern,Internkaksha IT Solutions,India,https://in.linkedin.com/jobs/view/data-science-intern-at-internkaksha-it-solutions-4008692506?position=12&pageNum=0&refId=%2Ff%2BssC2ZR%2FJioc5xEPWycw%3D%3D&trackingId=5bYsSGLX2LCLkrrSpP6q6w%3D%3D&trk=public_jobs_jserp-result_search-card,"Job Title: Data Science Intern
Company: Internkaksha IT Solution
Location: Remote
Duration: 3 months (Unpaid)
Employment Opportunity: Full time based on performance with Certificate of Internship
Show more"
Marketing Internship - Web 3 (Europe),Bybit,"Itanagar, Arunachal Pradesh, India",https://in.linkedin.com/jobs/view/marketing-internship-web-3-europe-at-bybit-4007857828?position=13&pageNum=0&refId=%2Ff%2BssC2ZR%2FJioc5xEPWycw%3D%3D&trackingId=MMMJN8rRS%2B8ecAkyCmJSOw%3D%3D&trk=public_jobs_jserp-result_search-card,"About The Opportunity:

We are looking for talented individuals to join us for an internship in 2024.

Internships at Bybit aim to offer our interns industry exposure, with hands-on experience in developing fundamental skills and exploring potential career paths.

Applications will be reviewed on a rolling basis â€” We encourage you to apply early.



As a Web3 intern supporting the marketing team at Bybit, you will:






Show more"
Internship - Finance (11 Months),OakNorth in India,"Gurugram, Haryana, India",https://in.linkedin.com/jobs/view/internship-finance-11-months-at-oaknorth-in-india-3953156414?position=14&pageNum=0&refId=%2Ff%2BssC2ZR%2FJioc5xEPWycw%3D%3D&trackingId=6kjPBM%2B%2BRmg7gx08M2KhxQ%3D%3D&trk=public_jobs_jserp-result_search-card,"Finance internship is a flagship program giving you a fantastic opportunity to join a fast-paced, growing bank with a reputation for doing things differently. We donâ€™t want another cog in the machine, weâ€™re looking for self-starters and bold thinkers who want to pave their own career paths.

This internship program offers an unparalleled unique opportunity to apply your academic knowledge to gain practical experience in a real-world setting, develop valuable skills, and gain exposure to various aspects of corporate finance.

As a Finance Intern, you will have the chance to work alongside our seasoned financial professionals, gaining hands-on experience in a variety of key areas and contribute to the growth and success of our organization.

You will have a well-rounded exposure to various finance functions and will be assigned to either of the finance functions assisting in financial analysis, budgets, and forecasts, participating in the month-end close process, account reconciliations, supporting preparation of regulatory filings, treasury packs, accounts payable and finance operations and supporting with special projects and ad-hoc tasks. You will also have get an opportunity to be rotated around in different verticals as per requirements.






















Weâ€™re OakNorth Bank and we embolden entrepreneurs to realise their ambitions, understand their markets, and apply data intelligence to everyday decisions to scale successfully at pace.

Banking should be barrier-free. Itâ€™s a belief at our very core, inspired by our entrepreneurial spirit, driven by the unmet financial needs of millions, and delivered by our data-driven tools.

And for those who love helping businesses thrive? Our savings accounts help diversify the high street and create new jobs, all while earning savers some of the highest interest on the market.

But we go beyond finance, to empower our people, encourage professional growth and create an environment where everyone can thrive. We strive to create an inclusive and diverse workplace where people can be themselves and succeed.

Our story

OakNorth Bank was built on the foundations of frustrations with old-school banking. In 2005, when our founders tried to get capital for their data analytics company, the computer said â€˜noâ€™. Unfortunately, all major banks in the UK were using the same computer â€“ and it was broken.

Why was it so difficult for a profitable business with impressive cashflow, retained clients, and clear commercial success to get a loan?

The industry was backward-looking and too focused on historic financials, rather than future potential.

So, what if there was a bank, founded by entrepreneurs, for entrepreneurs? One that offered a dramatically better borrowing experience for businesses?

No more what ifs, OakNorth Bank exists.

For more information regarding our Privacy Policy and practices, please visit: https://oaknorth.co.uk/legal/privacy-notice/employees-and-visitors/
Show more"
Data Science Intern,Unified Mentor,India,https://in.linkedin.com/jobs/view/data-science-intern-at-unified-mentor-4006433750?position=15&pageNum=0&refId=%2Ff%2BssC2ZR%2FJioc5xEPWycw%3D%3D&trackingId=zbtlISN8UHr0LhSLv4UCHg%3D%3D&trk=public_jobs_jserp-result_search-card,"Job Title: Data Science Intern
Company: Unified Mentor
Location: Remote
Duration: 3 months (Unpaid)
Employment Opportunity: Full time based on performance with Certificate of Internship
Show more"
Machine Learning Intern,Unified Mentor,India,https://in.linkedin.com/jobs/view/machine-learning-intern-at-unified-mentor-4006439227?position=16&pageNum=0&refId=%2Ff%2BssC2ZR%2FJioc5xEPWycw%3D%3D&trackingId=1JuUBDzdhrhTtY8%2FkjThJg%3D%3D&trk=public_jobs_jserp-result_search-card,"Job Title: Machine Learning Intern
Company: Unified Mentor
Location: Remote
Duration: 3 months (Unpaid)
Employment Opportunity: Full time based on performance with Certificate of Internship
Show more"
HR Intern,Zigsaw,"Udaipur, Rajasthan, India",https://in.linkedin.com/jobs/view/hr-intern-at-zigsaw-4006406630?position=17&pageNum=0&refId=%2Ff%2BssC2ZR%2FJioc5xEPWycw%3D%3D&trackingId=NGQMOp0pFTvARCpb9D6ZvA%3D%3D&trk=public_jobs_jserp-result_search-card,"Are you looking for a job that gives you opportunities to learn & grow while working from the comfort of your home?

Internship Details: https://youtu.be/YnfiMsvGqDY






On completion of the internship, we intend to extend a Job offer to the top performers.











Employment Type: Full-time (Monday-Saturday 10:00 am - 07:00 pm with 1 hour break during the day)

Date of posting: 22-08-24
Show more"
Intern,Lernx,India,https://in.linkedin.com/jobs/view/intern-at-lernx-4006418585?position=18&pageNum=0&refId=%2Ff%2BssC2ZR%2FJioc5xEPWycw%3D%3D&trackingId=%2F5kho81kLCMm8u%2BFg25zgg%3D%3D&trk=public_jobs_jserp-result_search-card,"Lernx is providing INTERNSHIP to the students interested in *SALES & MARKETING* and *HR* roles.

*ABOUT THE COMPANY:* Lernx is a digital learning platform offering a wide range of pocket friendly programs such as online courses, industrial training programs, certification programs, 1-to-1 mentorships as well as placement preparations.







Show more"
Project Management Intern,Sheefro,India,https://in.linkedin.com/jobs/view/project-management-intern-at-sheefro-4006201311?position=19&pageNum=0&refId=%2Ff%2BssC2ZR%2FJioc5xEPWycw%3D%3D&trackingId=TEtSWZ0h1cdT6Ocxh9d8xA%3D%3D&trk=public_jobs_jserp-result_search-card,"We are Sheefro, a revolutionary digital empowerment company that collaborates with dreamers to transform their futures. In this era of the internet, great digital experiences can propel a dream forward, and we have helped hundreds of talented individuals build amazing digital initiatives. We do everything â€œdigitalâ€ and we do it the best, from Web Designing, NFT Development, Cryptocurrency to Podcasting, Media Development, App Development and so much more.








Show more"
HR Intern (Freshers),The Golden Rise,"Guntur East, Andhra Pradesh, India",https://in.linkedin.com/jobs/view/hr-intern-freshers-at-the-golden-rise-4008209799?position=20&pageNum=0&refId=%2Ff%2BssC2ZR%2FJioc5xEPWycw%3D%3D&trackingId=winR6ENJzsE0c%2B6PA16v8w%3D%3D&trk=public_jobs_jserp-result_search-card,"Company Overview:

The Golden Rise, located in Hyderabad's vibrant Gachibowli district, is a premier talent outsourcing firm. We specialize in connecting skilled professionals with top multinational corporations and innovative startups, fostering career growth and organizational success.










Show more"
MIS Intern,NoBrokerHood,"Bengaluru, Karnataka, India",https://in.linkedin.com/jobs/view/mis-intern-at-nobrokerhood-4005758530?position=21&pageNum=0&refId=%2Ff%2BssC2ZR%2FJioc5xEPWycw%3D%3D&trackingId=FSYAXDlIHICPDQoctIH2Cw%3D%3D&trk=public_jobs_jserp-result_search-card,"Company Description
NoBrokerHood is a technologically advanced visitor, community and finance & asset management system aimed at making life secure and convenient for gated societies. Founded in 2018, NoBrokerHood is the subsidiary of NoBroker, Indiaâ€™s first prop-tech unicorn. The platform secures 40 lac+ families across 18,000+ societies, providing a range of services from home maintenance to property rental/sales. NoBrokerHood ensures 360Â° data privacy with top security compliance certifications and recently received funding from Google for expansion.


Show more"
Intern,Jeta Legal,"New Delhi, Delhi, India",https://in.linkedin.com/jobs/view/intern-at-jeta-legal-4006411824?position=22&pageNum=0&refId=%2Ff%2BssC2ZR%2FJioc5xEPWycw%3D%3D&trackingId=CwQGRqk1M5UNnMIsHuigRw%3D%3D&trk=public_jobs_jserp-result_search-card,"Immediate vacancy for freshers and experience advocates in a
A law firm based in south Delhi is looking for
1) Fresh Graduates with good internship experience

3) Advocates with 1-4 years post qualification experience

Firms area of operations is litigation before NCLT, High Court, Supreme Court, CESTAT, PMLA Tribunal, District Court, Arbitration Tribunal and corporate transaction advisory.
Show more"
Digital Marketing Intern,3EA Global,"Lucknow, Uttar Pradesh, India",https://in.linkedin.com/jobs/view/digital-marketing-intern-at-3ea-global-4006075728?position=23&pageNum=0&refId=%2Ff%2BssC2ZR%2FJioc5xEPWycw%3D%3D&trackingId=5LOqsNyNQHAUEotv4hbpmQ%3D%3D&trk=public_jobs_jserp-result_search-card,"Responsibilities:

Develop and manage engaging content for social media, blogs, and email campaigns.
Implement and optimize strategies to grow and engage our online audience.
Conduct keyword research, optimize website content, and manage PPC campaigns to enhance online visibility.













Show more"
Operations Intern,Intervue.io,India,https://in.linkedin.com/jobs/view/operations-intern-at-intervue-io-4005707132?position=24&pageNum=0&refId=%2Ff%2BssC2ZR%2FJioc5xEPWycw%3D%3D&trackingId=kZ3LSBlASpMdRqPcljsrgA%3D%3D&trk=public_jobs_jserp-result_search-card,"computer science / coding degree & experience is a must
NON TECH ROLE, NO CODING INVOLVES
Fresher Internship opportunity

About Intervue
Intervue is a pre-employment testing solution designed to help businesses of all sizes plan, source, screen, interview, and hire qualified candidates using a centralized dashboard. It offers a customizable IDE environment and a virtual whiteboard to assess and rank different candidates based on their design skills to streamline remote hiring operations. It also enables managers to set up test cutoff scores and shortlist students from career sites to simplify on-campus visits.



Show more"
Finance Intern,Ababil Healthcare Private Limited,"Chennai, Tamil Nadu, India",https://in.linkedin.com/jobs/view/finance-intern-at-ababil-healthcare-private-limited-4006407927?position=25&pageNum=0&refId=%2Ff%2BssC2ZR%2FJioc5xEPWycw%3D%3D&trackingId=b25IZNQCBW3X3siJKj6zlg%3D%3D&trk=public_jobs_jserp-result_search-card,"Job Title: Finance Intern

Reports to: Finance Manager

Location: [Madhavaram, Chennai ]



We are seeking a highly motivated and detail-oriented Finance Intern to join our team. The successful candidate will assist with various financial tasks, including data analysis, budgeting, and financial reporting. This internship provides an excellent opportunity to gain hands-on experience in finance and contribute to the growth of our organization.











Show more"
Intern,Sustainable and Ethical Travel Tourism Association,India,https://in.linkedin.com/jobs/view/intern-at-sustainable-and-ethical-travel-tourism-association-4006220737?position=26&pageNum=0&refId=%2Ff%2BssC2ZR%2FJioc5xEPWycw%3D%3D&trackingId=SmkhsVeYpgUoKD0kVBdSzw%3D%3D&trk=public_jobs_jserp-result_search-card,"Company Description
Join us on this journey towards a sustainable future with the Sustainable and Ethical Travel Tourism Association (SETTA). Explore India and be part of a movement that values and protects the beauty and heritage of this incredible world.



Show more"
Fresher/Intern - PHP Technology,BrainStream Technolabs Pvt. Ltd.,"Ahmedabad, Gujarat, India",https://in.linkedin.com/jobs/view/fresher-intern-php-technology-at-brainstream-technolabs-pvt-ltd-4006222846?position=27&pageNum=0&refId=%2Ff%2BssC2ZR%2FJioc5xEPWycw%3D%3D&trackingId=I0pk66bRCoDePqveAWLimg%3D%3D&trk=public_jobs_jserp-result_search-card,"If you are excited about the opportunity to work with smart team on complex challenges. This role is suitable for students looking for Internship cum job & to work on back-end PHP. You will be trained under best tech minds.Eligibility Criteria :
60% in 10th Standard.

Show more"
User Experience Designer (UNPAID POSITION)),inChrist,India,https://in.linkedin.com/jobs/view/user-experience-designer-unpaid-position-at-inchrist-3983601524?position=28&pageNum=0&refId=%2Ff%2BssC2ZR%2FJioc5xEPWycw%3D%3D&trackingId=RFb7K0JBL3hYZyjf0CeTjw%3D%3D&trk=public_jobs_jserp-result_search-card,"Company Description
inChrist is a Christian organization focused on creating a devotional social media application to connect with the common people of the community. Our goal is to provide a platform for spiritual growth and community engagement. The organization is rooted in Christian values and aims to foster a sense of unity and inspiration through technology.



Show more"
Front-End Engineering Intern (React Native & Expo CLI),GyanGrove,"Bengaluru, Karnataka, India",https://in.linkedin.com/jobs/view/front-end-engineering-intern-react-native-expo-cli-at-gyangrove-4005495461?position=29&pageNum=0&refId=%2Ff%2BssC2ZR%2FJioc5xEPWycw%3D%3D&trackingId=blW7%2FZCP%2F6MTR66UVb7xdw%3D%3D&trk=public_jobs_jserp-result_search-card,"About GyanGrove:
At GyanGrove, we are committed to creating equal opportunities, building a world-class alumni network, simplifying communication, and guiding the next generation towards success. Our platform offers a cutting-edge solution for managing all aspects of educational initiatives.



Show more"
Pre-MBA HR Internship,2070 Health,Mumbai Metropolitan Region,https://in.linkedin.com/jobs/view/pre-mba-hr-internship-at-2070-health-4008258590?position=30&pageNum=0&refId=%2Ff%2BssC2ZR%2FJioc5xEPWycw%3D%3D&trackingId=KtHruOQQxhatWDaVbZ%2B5Lg%3D%3D&trk=public_jobs_jserp-result_search-card,"2070Health is India's premier Venture Studio, pioneering an innovation platform dedicated to building ground breaking healthcare companies from the ground up. Our mission is to identify and seize disruptive opportunities within the healthcare sector. What sets us apart from conventional venture capital and accelerator models is our active involvement in idea generation, day-to-day operations, and strategic decision-making, all geared toward fostering the growth of each newly established enterprise.

Additionally, we are proud to have the steadfast support of W Health Ventures.








Show more"
Graphic Design Internship in Kolkata,InfluCon Digitals,Greater Kolkata Area,https://in.linkedin.com/jobs/view/graphic-design-internship-in-kolkata-at-influcon-digitals-4008876321?position=31&pageNum=0&refId=%2Ff%2BssC2ZR%2FJioc5xEPWycw%3D%3D&trackingId=cmW6RccI8JxMdYxpgHbX4w%3D%3D&trk=public_jobs_jserp-result_search-card,"Selected Intern's Day-to-day Responsibilities Include

Design social media posts and stories for instagram and Facebook
Design banners and posters for promotional materials


About Company: At InfluCon Digitals, we are a leading digital marketing agency that empowers businesses to make a remarkable impact in the digital realm. Our tagline, 'Influence, Connect, and Conquer Digitally,' encapsulates our mission to help our clients establish influence, build meaningful connections, and achieve digital dominance. We combine creativity, data-driven strategies, and cutting-edge technologies to deliver exceptional results. We understand that in today's fast-paced and ever-evolving digital landscape, a strong online presence is crucial for success.

We provide services including social media marketing, search engine marketing, content creation, photoshoots and videography, branding,go to market strategy, market research, web development, app development and software development.
Show more"
Intern,Group Bayport,"Gurugram, Haryana, India",https://in.linkedin.com/jobs/view/intern-at-group-bayport-4006402028?position=32&pageNum=0&refId=%2Ff%2BssC2ZR%2FJioc5xEPWycw%3D%3D&trackingId=jCYLfJVefCc%2BYyahKbWrQQ%3D%3D&trk=public_jobs_jserp-result_search-card,"About Company

Group Bayport, a US Headquartered Organization is a rapidly growing global e-Commerce, B2B2C, B2B and B2C organization and an industry leader in print technology, operates in the United States, Canada, Australia, New Zealand, UK, and India through its family of brands â€“ Banner Buzz, Covers & All, Vivyx Printing, Circle One, Giant Media, and Neon Earth. From full suites of trade show and small business marketing solutions to sophisticated outdoor living covers, signages and shades to eclectic personal accents and home decor, we help our customers, clients, and partners to make a personalized statement through customization.

While our advanced technology and customer focus are certainly our salient attributes, our true strength comes from our team of 1800+ people. We are seeking exceptional talent across the board to join us in our exciting growth journey.

For more about Group Bayport, please visit

https://groupbayport.com/about-us/

https://www.linkedin.com/company/groupbayport/mycompany/

Intern - Graphic Design

3 Months

Gurugram



Study design briefs and determine requirements.

Conceptualize visuals based on requirements.

Prepare rough drafts and present ideas.

Develop illustrations, logos and other designs using software or by hand.

Use the appropriate colors and layouts for each graphic.

Work with other departments to produce final design.

Test graphics across various media.

Amend designs after feedback.

Ensure final graphics and layouts are visually appealing and on-brand



Proven graphic designing knowledge.

A strong portfolio of illustrations or other graphics.

Familiarity with design software and technologies(such as Adobe Photoshop, Adobe Illustrator).

A keen eye for aesthetics and details.

Excellent communication skills.

Ability to work methodically and meet deadlines.

Degree in Design, Fine Arts or related field is a plus.



Fresher to 1 years of experience.
Show more"
Compliance Summer Interns 2025 India,Barclays,"Pune, Maharashtra, India",https://in.linkedin.com/jobs/view/compliance-summer-interns-2025-india-at-barclays-4006003405?position=33&pageNum=0&refId=%2Ff%2BssC2ZR%2FJioc5xEPWycw%3D%3D&trackingId=18528ahZgBD7zNqVGsBC9A%3D%3D&trk=public_jobs_jserp-result_search-card,"About Compliance

Barclays Group Compliance operates as one team to drive the right customer outcomes and protect the integrity of the financial services markets through innovative compliance. The aim is to deliver a global function that satisfies regulatory commitments and promotes regulatory reliance and confidence in the Bankâ€™s chosen markets.

Compliance acts as business partners, and we use our integrity and judgment to influence behaviours in the right way at the right time.



BX Compliance consist of multiple teams which support various Compliance functions including Compliance assurance, Market Surveillance, Financial Crime, Business Oversight Compliance, Compliance Data Analytics, Employee Conduct, Compliance Policies and Framework, Compliance Business and Project Management etc.



The Compliance Intern role is expected to provide support to at least 1 Compliance functions during the span of 8 weeks internship period. The decision of Internship function is driven by multiple components including Employee Skillsets, Requirement of each function etc.

At a high level the purpose of the role is to provide support to the various Compliance functions which could include check and challenge on requirements and internal policies, support /conduct compliance assurance reviews in line with the regulatory/ internal policy requirements, Support Employee/Client Surveillance and Investigation requirements and drive continuous improvement activities across Compliance with a focus on data analysis and insights.



Youâ€™ll be provided with training, covering product and business knowledge as well as essential skills youâ€™ll need for a successful Internship. Youâ€™ll spend time with the Compliance team building excellent foundational knowledge while getting to know our business and our people. You will:



















To gain experience of risk management skills, knowledge, and capabilities to deliver a broad range of compliance services to businesses and functions.













All colleagues will be expected to demonstrate the Barclays Values of Respect, Integrity, Service, Excellence and Stewardship â€“ our moral compass, helping us do what we believe is right. They will also be expected to demonstrate the Barclays Mindset â€“ to Empower, Challenge and Drive â€“ the operating manual for how we behave.
Show more"
SOFTWARE DEVELOPER /WEB DEVELOPERS/ WEB designing.PHP DEVELOPER FRESHER,Guidance Placement,"Agra, Uttar Pradesh, India",https://in.linkedin.com/jobs/view/marketing-intern-at-signzy-4008627632?position=35&pageNum=0&refId=%2Ff%2BssC2ZR%2FJioc5xEPWycw%3D%3D&trackingId=2x%2F9Qd2FVbN%2FjTTTU2Lh6Q%3D%3D&trk=public_jobs_jserp-result_search-card,"Know Us Better

Signzy is a digital trust system. We provide identification, background checks, forgery detection and contract management systems which enable contracting in a trustable, safe, legal, and convenient manner. Our biometric user authentication system and blockchain-based digital trail ensure non-repudiation. This increases compliance and enforceability in the court of law. We consist of a tech-savvy team and are backed by investors who are enthusiastic about creating solutions with technology.







Show more"
Marketing Intern,Signzy,"Bengaluru, Karnataka, India",https://in.linkedin.com/jobs/view/training-placement-officer-at-nshm-knowledge-campus-durgapur-4006442065?position=36&pageNum=0&refId=%2Ff%2BssC2ZR%2FJioc5xEPWycw%3D%3D&trackingId=lt9m7WpsRBLbV%2Fj5GJcJ%2Bw%3D%3D&trk=public_jobs_jserp-result_search-card,"Apply only if you're having prior PLACEMENT DOMAIN experience.

The TPO to be placed at Bengaluru.






Show more"
Training Placement Officer,"NSHM Knowledge Campus, Durgapur","Bengaluru, Karnataka, India",https://in.linkedin.com/jobs/view/machine-learning-intern-at-suvidha-overseas-4008608445?position=37&pageNum=0&refId=%2Ff%2BssC2ZR%2FJioc5xEPWycw%3D%3D&trackingId=P1cIDlNv6yLp5Qr0pRBGSQ%3D%3D&trk=public_jobs_jserp-result_search-card,"Job Title: Machine Learning Intern
Organization: Suvidha Foundation
Duration: 1 Month
Location: Remote
Stipend: Unpaid
Apply Now: https://forms.gle/ez2VNmksNLP1hoP57

About Suvidha Foundation:
Suvidha Foundation is a non-profit organization dedicated to driving social impact through technology and innovation. Our mission is to create sustainable solutions that empower communities and foster positive change. We work across various domains, including education, healthcare, and social development, leveraging technology to bridge gaps and improve lives.

Role Overview:
We are looking for motivated and passionate individuals to join our Machine Learning Internship program. This is an excellent opportunity for students or recent graduates to gain hands-on experience in the field of Machine Learning while contributing to meaningful projects that make a difference. As an intern, you will work remotely, collaborating with our experienced team to develop and implement machine learning models and solutions.

Key Responsibilities:
Assist in the development and optimization of machine learning models.
Perform data preprocessing, feature engineering, and exploratory data analysis.
Collaborate with team members to design and implement machine learning algorithms.
Analyze and interpret data to extract actionable insights.
Contribute to the documentation and presentation of project outcomes.
Stay updated with the latest trends and advancements in machine learning.

Skills and Qualifications:
Strong foundation in machine learning concepts and algorithms.
Proficiency in programming languages such as Python, with experience in ML libraries (e.g., TensorFlow, Keras, Scikit-learn).
Familiarity with data analysis tools and techniques.
Ability to work independently and manage time effectively in a remote environment.
Excellent problem-solving skills and attention to detail.
Strong communication skills and ability to collaborate with a remote team.
Perks:

Verified Completion Certificate.
Performance-based Letter of Recommendation (LOR).
Performance-based Letter of Appreciation (LOA).
Hands-on experience in real-world machine learning projects.
Mentorship and guidance from experienced professionals.
An opportunity to contribute to impactful projects with a social cause.

Apply Now:
Ready to embark on this exciting journey? Click here to apply!
(https://forms.gle/ez2VNmksNLP1hoP57)
Join us at Suvidha Foundation and be part of a team that is shaping the future through innovation and social responsibility.
Show more"
Machine Learning Intern,Suvidha Overseas,"Faridabad, Haryana, India",https://in.linkedin.com/jobs/view/human-resources-intern-at-marketease-3993477417?position=38&pageNum=0&refId=%2Ff%2BssC2ZR%2FJioc5xEPWycw%3D%3D&trackingId=WdBIC5OSqu5lsMhpf3L2fA%3D%3D&trk=public_jobs_jserp-result_search-card,"Job Title: HR Intern
Location: Remote
Job Type: Internship
Duration: 2 months (extendable)





Show more"
Human Resources Intern,MarketEase,India,https://in.linkedin.com/jobs/view/intern-at-motoroctane-4006225039?position=39&pageNum=0&refId=%2Ff%2BssC2ZR%2FJioc5xEPWycw%3D%3D&trackingId=poIqjoCab5eV3KHvTjlpOQ%3D%3D&trk=public_jobs_jserp-result_search-card,"MotorOctane is the go-to platform for serious Indian car buyers. We are dedicated to simplifying the technical jargons of the auto industry to make car buying simple. With a growing community of loyal followers across web and social media, we are also proud to be Asia's largest automotive Youtube channel.

Responsibilities include:

Show more"
Intern,MotorOctane,"Navi Mumbai, Maharashtra, India",https://in.linkedin.com/jobs/view/rubric-intern-at-intervue-io-3994854990?position=40&pageNum=0&refId=%2Ff%2BssC2ZR%2FJioc5xEPWycw%3D%3D&trackingId=2FTpBz0%2B2Q%2F%2FGL158K5RFw%3D%3D&trk=public_jobs_jserp-result_search-card,"Research Based Role; No coding involved
CS/IT/Coding Background/Degree Is a Must

About Intervue:
Intervue is a pre-employment testing solution designed to help businesses of all sizes plan, source, screen, interview, and hire qualified candidates using a centralized dashboard. It offers a customizable IDE environment and a virtual whiteboard to assess and rank different candidates based on their design skills to streamline remote hiring operations. It also enables managers to set up test cutoff scores and shortlist students from career sites to simplify on-campus visits.




Show more"
Rubric Intern,Intervue.io,India,https://in.linkedin.com/jobs/view/hr-sales-and-marketing-intern-at-lernx-hiring-june-di24-4006070907?position=41&pageNum=0&refId=%2Ff%2BssC2ZR%2FJioc5xEPWycw%3D%3D&trackingId=IfMDFh2FOt96qrpmLqtFXw%3D%3D&trk=public_jobs_jserp-result_search-card,"About the Role:
We are seeking an enthusiastic HR Intern to join our dynamic team. This internship will provide you with the opportunity to develop your HR skills in a practical environment. You will contribute to our ongoing projects and will play a key role in the operational success of our HR functions, especially in the realms of recruitment, onboarding, and collaborative efforts with our partner companies.

Responsibilities:
Interview Coordination and Execution: Assist in the scheduling and conducting of interviews, providing logistical support, and participating in the interview process to gain insights into candidate selection.

Onboarding Assistance: Facilitate the onboarding process for new joiners by helping with documentation, initial orientation sessions, and probationary task to ensure a smooth transition into the company.

Support for Partner Companies: Work closely with our partner companies, to fulfill their hiring needs, adapting strategies to meet diverse requirements and helping to coordinate recruitment efforts.

ON COMPLETION:-
â€¢â  â â Performance based Stipend
â€¢â  â â Letter of recommendation
â€¢â  â â PPO (if you perform really well)
Show more"
"HR, Sales and Marketing Intern",Lernx Hiring June DI24,India,https://in.linkedin.com/jobs/view/business-development-trainee-intern-at-sookshum-labs-4008844499?position=42&pageNum=0&refId=%2Ff%2BssC2ZR%2FJioc5xEPWycw%3D%3D&trackingId=jm4tr3X5786tqTSZGGf%2BBg%3D%3D&trk=public_jobs_jserp-result_search-card,"Role: Business Development Trainee/Intern

Location: Mohali

Relevant experience required: 0 to 6 months in a service-based IT company





We are seeking a motivated and enthusiastic Business Development Executive Intern to join our team and contribute to our company's growth. As an intern in business development, you will gain hands-on experience in identifying and securing new business opportunities, maintaining client relationships, and supporting various initiatives to drive revenue.





Requirements







Benefits





Show more"
Business Development Trainee/Intern,Sookshum Labs,"Sahibzada Ajit Singh Nagar, Punjab, India",https://in.linkedin.com/jobs/view/marketing-and-social-media-intern-at-nonceblox-4005790292?position=43&pageNum=0&refId=%2Ff%2BssC2ZR%2FJioc5xEPWycw%3D%3D&trackingId=tyQWQcB8c5clt6Gf3khNHQ%3D%3D&trk=public_jobs_jserp-result_search-card,"Job Title: Marketing and Operations Intern
Internship Type: Remote
Duration: 6 months
Working Hours: 11:00 AM to 8:00 PM, M-F
Stipend: â‚¹5k





Show more"
Marketing and Social Media Intern,NonceBlox,India,https://in.linkedin.com/jobs/view/digital-marketing-content-intern-at-coding-ninjas-4006407700?position=44&pageNum=0&refId=%2Ff%2BssC2ZR%2FJioc5xEPWycw%3D%3D&trackingId=HqFP8OfyE4zZVnS1srKoBQ%3D%3D&trk=public_jobs_jserp-result_search-card,"A little bit about us

Founded in 2016, Coding Ninjas is one of the largest online coding EdTech companies in India. Imparting knowledge is of utmost importance to us and it is our mission to bridge the skill gap between colleges and industry. We teach 50,000+ students annually through our online platform with an aim to help college students and working professionals upskill themselves for rewarding employment prospects.








Show more"
Digital Marketing Content Intern,Coding Ninjas,"Gurugram, Haryana, India",https://in.linkedin.com/jobs/view/legal-intern-at-pacific-legal-professional-corporation-4008831267?position=45&pageNum=0&refId=%2Ff%2BssC2ZR%2FJioc5xEPWycw%3D%3D&trackingId=8If2uRcaKktmCcXTCnbaEw%3D%3D&trk=public_jobs_jserp-result_search-card,"Legal Intern â€“ Remote

About Us:

At Pacific Legal, we are dedicated to helping clients achieve their business objectives and navigate complex legal challenges worldwide. With a global presence in Canada, Turkey, Paraguay, Panama, and India, our esteemed team of lawyers provides unparalleled legal services, leveraging our international platform to deliver innovative solutions for intricate business issues.








Show more"
Legal Intern,Pacific Legal Professional Corporation,India,https://in.linkedin.com/jobs/view/social-media-marketing-intern-at-moehair-usa-inc-4005767788?position=46&pageNum=0&refId=%2Ff%2BssC2ZR%2FJioc5xEPWycw%3D%3D&trackingId=vxsoLeOMeVN3vSe38HjeCA%3D%3D&trk=public_jobs_jserp-result_search-card,"About Moehair

Moehair is the pinnacle of luxury hair care products for all hair types. Thanks to our exceptional experience developed over 30 years, we can comprehend, in great depth, the needs and goals of customers worldwide. Every day our experts work to achieve our goal of making superior hair products more accessible while inspiring artistry and creativity through education.









Show more"
Social Media Marketing Intern,Moehair USA Inc,"Gurugram, Haryana, India",https://in.linkedin.com/jobs/view/interim-intern-oneit-at-qualcomm-4005773427?position=47&pageNum=0&refId=%2Ff%2BssC2ZR%2FJioc5xEPWycw%3D%3D&trackingId=FyI18AMR2bOw2QoQHV9UTQ%3D%3D&trk=public_jobs_jserp-result_search-card,"Company

Qualcomm India Private Limited

Job Area

Interns Group, Interns Group > Interim Intern



Qualcomm is a company of inventors that unlocked 5G ushering in an age of rapid acceleration in connectivity and new possibilities that will transform industries, create jobs, and enrich lives. But this is just the beginning. It takes inventive minds with diverse skills, backgrounds, and cultures to transform 5Gs potential into world-changing technologies and products. This is the Invention Age - and this is where you come in.



no standard job description text



no standard job description text



no standard job description text



no standard job description text



: Qualcomm is an equal opportunity employer. If you are an individual with a disability and need an accommodation during the application/hiring process, rest assured that Qualcomm is committed to providing an accessible process. You may e-mail myhr.support@qualcomm.com or call Qualcomm's toll-free number found . Upon request, Qualcomm will provide reasonable accommodations to support individuals with disabilities to be able participate in the hiring process. Qualcomm is also committed to making our workplace accessible for individuals with disabilities.

Qualcomm expects its employees to abide by all applicable policies and procedures, including but not limited to security and other requirements regarding protection of Company confidential information and other confidential and/or proprietary information, to the extent those requirements are permissible under applicable law.

Our Careers Site is only for individuals seeking a job at Qualcomm. Staffing and recruiting agencies and individuals being represented by an agency are not authorized to use this site or to submit profiles, applications or resumes, and any such submissions will be considered unsolicited. Qualcomm does not accept unsolicited resumes or applications from agencies. Please do not forward resumes to our jobs alias, Qualcomm employees or any other company location. Qualcomm is not responsible for any fees related to unsolicited resumes/applications.

If you would like more information about this role, please contact Qualcomm Careers.

Show more"
Interim Intern_OneIT,Qualcomm,"Bengaluru, Karnataka, India",https://in.linkedin.com/jobs/view/design-internship-at-happy-people-ai-4006419316?position=48&pageNum=0&refId=%2Ff%2BssC2ZR%2FJioc5xEPWycw%3D%3D&trackingId=3t7NtmOvE5K0CpsBmnC%2B5w%3D%3D&trk=public_jobs_jserp-result_search-card,"Open Roles:
UX Designer
Graphic Designer
UI Designer
Key Responsibilities:
Show more"
Design Internship,Happy People AI,"Hyderabad, Telangana, India",https://in.linkedin.com/jobs/view/digital-marketing-intern-at-evivve-4006223641?position=49&pageNum=0&refId=%2Ff%2BssC2ZR%2FJioc5xEPWycw%3D%3D&trackingId=qXVFAwvP8MNLD3TJ9378Tg%3D%3D&trk=public_jobs_jserp-result_search-card,"About Us:
At Evivve, we believe that learning should be engaging, immersive, and tailored to the evolving needs of the organization. Our multi-player game-based learning tool transforms the way businesses educate, empower, and elevate their teams. We are on a mission to revolutionize how companies learn and grow in the ever-evolving business landscape. If youâ€™re passionate about digital marketing and eager to contribute to a dynamic and rapidly growing company, Evivve is the place for you.








Show more"
Digital Marketing Intern,Evivve,India,https://in.linkedin.com/jobs/view/internship-trainee-at-digistall-your-gateway-to-e-commerce-4008627705?position=50&pageNum=0&refId=%2Ff%2BssC2ZR%2FJioc5xEPWycw%3D%3D&trackingId=5IrLipK2hhk1zH6ooIJYJA%3D%3D&trk=public_jobs_jserp-result_search-card,"Company Description

Digistallapp is a no code website builder which enables business to build their own store in a minute.



This is a remote internship role for an Internship Trainee at Digistall - Your Gateway to E-Commerce. The Internship Trainee will be involved in various day-to-day tasks including assisting with e-commerce operations, conducting market research, analyzing data, and supporting digital marketing efforts.



Show more"
Internship Trainee,Digistall - Your Gateway to E-Commerce,India,https://in.linkedin.com/jobs/view/intern-cataloging-at-hexahealth-4005700756?position=51&pageNum=0&refId=%2Ff%2BssC2ZR%2FJioc5xEPWycw%3D%3D&trackingId=CT5GzBp1Lto19STNIlIkbA%3D%3D&trk=public_jobs_jserp-result_search-card,"ðŸš€ Join HexaHealth as an Executive Cataloging Intern! ðŸš€

Are you ready to kickstart your career in the dynamic health tech industry? HexaHealth is looking for enthusiastic individuals to join our team as Executive Cataloging Interns for a 3-month paid internship!







Show more"
Intern - Cataloging,HexaHealth,"Gurugram, Haryana, India",https://in.linkedin.com/jobs/view/hr-sales-and-marketing-intern-at-lernx-hiring-june-di24-4005780248?position=52&pageNum=0&refId=%2Ff%2BssC2ZR%2FJioc5xEPWycw%3D%3D&trackingId=k9ajkxZUFZjPjRHUxxRXZg%3D%3D&trk=public_jobs_jserp-result_search-card,"About the Role:
We are seeking an enthusiastic HR Intern to join our dynamic team. This internship will provide you with the opportunity to develop your HR skills in a practical environment. You will contribute to our ongoing projects and will play a key role in the operational success of our HR functions, especially in the realms of recruitment, onboarding, and collaborative efforts with our partner companies.

Responsibilities:
Interview Coordination and Execution: Assist in the scheduling and conducting of interviews, providing logistical support, and participating in the interview process to gain insights into candidate selection.

Onboarding Assistance: Facilitate the onboarding process for new joiners by helping with documentation, initial orientation sessions, and probationary task to ensure a smooth transition into the company.

Support for Partner Companies: Work closely with our partner companies, to fulfill their hiring needs, adapting strategies to meet diverse requirements and helping to coordinate recruitment efforts.

ON COMPLETION:-
â€¢â  â â Performance based Stipend
â€¢â  â â Letter of recommendation
â€¢â  â â PPO (if you perform really well)
Show more"
HR sales and marketing intern,Lernx Hiring June DI24,"New Delhi, Delhi, India",https://in.linkedin.com/jobs/view/intern-sports-operations-at-bhaichung-bhutia-football-schools-4005492408?position=53&pageNum=0&refId=%2Ff%2BssC2ZR%2FJioc5xEPWycw%3D%3D&trackingId=K%2BGWiSLAvS8rcIlmUVtDfQ%3D%3D&trk=public_jobs_jserp-result_search-card,"THIS IS AN ENTRY LEVEL ROLE FOR FRESHERS
CANDIDATES FROM DWARKA OR NEARBY LOCATIONS WOULD BE PREFERRED






Bhaichung Bhutia Football Schools (BBFS) owned and operated by Enjogo is India's largest grassroots football training program accredited by the All India Football Federation (AIFF). BBFS has trained over 20,000+ kids with a team of over 2,000+ coaches in their non-residential and residential training centres across India for age groups 5-23.





This is an internship on-site role for a Center Head - Operations at Bhaichung Bhutia Football Schools in New Delhi. The role will involve daily operations management, team management, communication, and budgeting responsibilities to ensure smooth functioning of the football training program.





Operations Management and Team Management skills
Analytical Skills
Strong Communication abilities
Budgeting experience
Ability to work well under pressure and in a team
Knowledge of football training programs is a plus
Candidate from East Delhi or South Delhi is preferred
Bachelor's degree in Sports Management, Business Administration, or related field
Show more"
Intern - Sports Operations,Bhaichung Bhutia Football Schools,"Dwarka, Delhi, India",https://in.linkedin.com/jobs/view/digital-marketing-intern-at-storyvord-4005705409?position=54&pageNum=0&refId=%2Ff%2BssC2ZR%2FJioc5xEPWycw%3D%3D&trackingId=S9aX1VNmGvj5%2BkQ9Uf%2Buig%3D%3D&trk=public_jobs_jserp-result_search-card,"Digital Marketing Intern
Location: Remote
Duration: 3 months
Type: Internship (Unpaid)
Company: Storyvord Ltd
Show more"
Digital Marketing Intern,Storyvord,India,https://in.linkedin.com/jobs/view/student-intern-at-interndesire-4006417999?position=55&pageNum=0&refId=%2Ff%2BssC2ZR%2FJioc5xEPWycw%3D%3D&trackingId=AoqSH29LiacSd02F7H9X3w%3D%3D&trk=public_jobs_jserp-result_search-card,"Company Description

Powering Your Vision. We are here to get you there. InternDesire connects students with internships in fields like Web Development, Android Development, Java Development, Data Science, and Graphic Design, providing valuable experience, skills, and networking opportunities. Our mission is to help individuals grow by learning and mastering new technologies.



This is an internship role at InternDesire located in Dehradun with flexibility for remote work. The Student Intern will be responsible for tasks related to web development, android development, java development, data science, or graphic design based on their field of interest. The role requires a hybrid work arrangement, allowing some remote work.



Show more"
Student Intern,InternDesire,India,https://in.linkedin.com/jobs/view/social-media-marketing-intern-at-betteralt-4006078256?position=56&pageNum=0&refId=%2Ff%2BssC2ZR%2FJioc5xEPWycw%3D%3D&trackingId=OWrPYap%2FwWPNgpdDImynEQ%3D%3D&trk=public_jobs_jserp-result_search-card,"Company Description
Betteralt is health and wellness brand. We believe in wellness of the body, mind and soul. We craft natural, tasty blends for all your lifestyle needs. With the power of ancient Ayurveda and Yoga, we help you build better habits for a better life. Currently we cater to the US market with out supplements, oral care and beauty range. If interested please email me at anuj.gupta@oneguardian.in


Show more"
Social Media Marketing Intern,BetterAlt,"Mumbai, Maharashtra, India",https://in.linkedin.com/jobs/view/public-relations-intern-unpaid-at-web-martini-4004391305?position=57&pageNum=0&refId=%2Ff%2BssC2ZR%2FJioc5xEPWycw%3D%3D&trackingId=ZwC4Y9fRne5W2Nm%2FBN8WOA%3D%3D&trk=public_jobs_jserp-result_search-card,"Company Description
At Web Martini, we specialize in reaching and engaging affluent audiences through data-driven marketing strategies. Our goal is to create authentic brand experiences and elevate businesses through innovative digital solutions. We believe in the power of storytelling and are passionate about helping brands convey emotions and connect with their target audience. Join our team of talented professionals and be part of something brilliant.



Show more"
Public Relations Intern (Unpaid),Web Martini,"Delhi, India",https://in.linkedin.com/jobs/view/marketing-intern-at-vsnapu-4006406270?position=58&pageNum=0&refId=%2Ff%2BssC2ZR%2FJioc5xEPWycw%3D%3D&trackingId=UxZ16qh8bp0T0Mm4TZlRZQ%3D%3D&trk=public_jobs_jserp-result_search-card,"Step into the Spotlight ðŸŒŸ
Be the Creative Force Behind Our Marketing Success as an Intern!

Profile- Marketing Intern
Location- Sector 45 Gurgaon 
Stipend- Rs. 8000 per month



Show more"
Marketing Intern,VsnapU,"Gurugram, Haryana, India",https://in.linkedin.com/jobs/view/marketing-intern-at-cai-store-4006071423?position=59&pageNum=0&refId=%2Ff%2BssC2ZR%2FJioc5xEPWycw%3D%3D&trackingId=wz9ACfSRAur57Ke33cofEw%3D%3D&trk=public_jobs_jserp-result_search-card,"Job Description â€“ Marketing Intern
About CAI Store 
 The CAI Store was launched in 2015 with the sole purpose of providing fashionable and modest footwear that is manufactured without the use of leather, with contemporary styles and a compassionate virtue warrantying the tagline - â€œhandmade with love.â€ Remaining true to their homegrown and bespoke sensibilities, the CAI store offers customization keeping in mind the eclectic tastes of the clientele. CAI believes in prioritizing customer satisfaction to create fashion-forward styles with impeccable quality.



Show more"
Marketing Intern,Cai Store,"Mumbai, Maharashtra, India",https://in.linkedin.com/jobs/view/human-resources-intern-at-psychobeings-4006415499?position=60&pageNum=0&refId=%2Ff%2BssC2ZR%2FJioc5xEPWycw%3D%3D&trackingId=ivv%2BgT0txGr6rDx4mDz9%2Bw%3D%3D&trk=public_jobs_jserp-result_search-card,"Company Description

Psychobeings is a trusted source for in-depth insights on various psychology topics, including mental health, emotional intelligence, and productivity. Our mission is to provide up-to-date research and analysis on these subjects. We are building a clinical practice to offer comprehensive treatment and support. Join our LinkedIn community to access expert content and explore the human mind together on our journey towards a brighter future.







Show more"
